-- MySQL dump 10.13  Distrib 8.0.45, for Linux (x86_64)
--
-- Host: 127.0.0.1    Database: base_system
-- ------------------------------------------------------
-- Server version	8.0.45-0ubuntu0.24.04.1

/*!40101 SET @OLD_CHARACTER_SET_CLIENT=@@CHARACTER_SET_CLIENT */;
/*!40101 SET @OLD_CHARACTER_SET_RESULTS=@@CHARACTER_SET_RESULTS */;
/*!40101 SET @OLD_COLLATION_CONNECTION=@@COLLATION_CONNECTION */;
/*!50503 SET NAMES utf8mb4 */;
/*!40103 SET @OLD_TIME_ZONE=@@TIME_ZONE */;
/*!40103 SET TIME_ZONE='+00:00' */;
/*!40014 SET @OLD_UNIQUE_CHECKS=@@UNIQUE_CHECKS, UNIQUE_CHECKS=0 */;
/*!40014 SET @OLD_FOREIGN_KEY_CHECKS=@@FOREIGN_KEY_CHECKS, FOREIGN_KEY_CHECKS=0 */;
/*!40101 SET @OLD_SQL_MODE=@@SQL_MODE, SQL_MODE='NO_AUTO_VALUE_ON_ZERO' */;
/*!40111 SET @OLD_SQL_NOTES=@@SQL_NOTES, SQL_NOTES=0 */;

--
-- Table structure for table `sys_ai_config`
--

DROP TABLE IF EXISTS `sys_ai_config`;
/*!40101 SET @saved_cs_client     = @@character_set_client */;
/*!50503 SET character_set_client = utf8mb4 */;
CREATE TABLE `sys_ai_config` (
  `id` bigint NOT NULL AUTO_INCREMENT COMMENT 'дё»й”®ID',
  `config_name` varchar(100) CHARACTER SET utf8mb4 COLLATE utf8mb4_0900_ai_ci NOT NULL COMMENT 'й…ҚзҪ®еҗҚз§°пјҲз”ЁдәҺеҢәеҲҶеӨҡжқЎй…ҚзҪ®пјү',
  `base_url` varchar(500) CHARACTER SET utf8mb4 COLLATE utf8mb4_0900_ai_ci NOT NULL COMMENT 'API еҹәзЎҖең°еқҖ',
  `api_key` varchar(500) CHARACTER SET utf8mb4 COLLATE utf8mb4_0900_ai_ci NOT NULL COMMENT 'API Key',
  `model` varchar(100) CHARACTER SET utf8mb4 COLLATE utf8mb4_0900_ai_ci DEFAULT 'qwen-plus' COMMENT 'жЁЎеһӢеҗҚз§°',
  `timeout` int NOT NULL DEFAULT '30000' COMMENT 'и¶…ж—¶ж—¶й—ҙ(ms)',
  `retry` int NOT NULL DEFAULT '2' COMMENT 'йҮҚиҜ•ж¬Ўж•°',
  `max_message_length` int NOT NULL DEFAULT '2000' COMMENT 'ж¶ҲжҒҜжңҖеӨ§й•ҝеәҰ',
  `max_context_length` int NOT NULL DEFAULT '5000' COMMENT 'дёҠдёӢж–ҮжңҖеӨ§й•ҝеәҰ',
  `is_active` tinyint(1) NOT NULL DEFAULT '0' COMMENT 'жҳҜеҗҰеҪ“еүҚз”ҹж•ҲпјҲ0еҗҰ 1жҳҜпјҢд»…дёҖжқЎеҸҜдёә1пјү',
  `status` tinyint(1) NOT NULL DEFAULT '1' COMMENT 'зҠ¶жҖҒпјҲ0зҰҒз”Ё 1еҗҜз”Ёпјү',
  `sort_order` int NOT NULL DEFAULT '0' COMMENT 'жҺ’еәҸ',
  `remark` varchar(500) CHARACTER SET utf8mb4 COLLATE utf8mb4_0900_ai_ci DEFAULT NULL COMMENT 'еӨҮжіЁ',
  `create_time` datetime DEFAULT CURRENT_TIMESTAMP COMMENT 'еҲӣе»әж—¶й—ҙ',
  `create_by` varchar(64) CHARACTER SET utf8mb4 COLLATE utf8mb4_0900_ai_ci DEFAULT NULL COMMENT 'еҲӣе»әдәә',
  `update_time` datetime DEFAULT CURRENT_TIMESTAMP ON UPDATE CURRENT_TIMESTAMP COMMENT 'жӣҙж–°ж—¶й—ҙ',
  `update_by` varchar(64) CHARACTER SET utf8mb4 COLLATE utf8mb4_0900_ai_ci DEFAULT NULL COMMENT 'жӣҙж–°дәә',
  `deleted` tinyint(1) NOT NULL DEFAULT '0' COMMENT 'еҲ йҷӨж Үеҝ—пјҲ0жңӘеҲ йҷӨ 1е·ІеҲ йҷӨпјү',
  PRIMARY KEY (`id`) USING BTREE,
  KEY `idx_is_active` (`is_active`) USING BTREE,
  KEY `idx_status` (`status`) USING BTREE
) ENGINE=InnoDB AUTO_INCREMENT=5 DEFAULT CHARSET=utf8mb4 COLLATE=utf8mb4_0900_ai_ci COMMENT='еӨ§жЁЎеһӢй…ҚзҪ®иЎЁпјҲж”ҜжҢҒеӨҡжқЎпјҢйҖүдёҖжқЎз”ҹж•Ҳпјү';
/*!40101 SET character_set_client = @saved_cs_client */;

--
-- Dumping data for table `sys_ai_config`
--

LOCK TABLES `sys_ai_config` WRITE;
/*!40000 ALTER TABLE `sys_ai_config` DISABLE KEYS */;
INSERT INTO `sys_ai_config` VALUES (1,'й»ҳи®ӨпјҲйҖҡд№үеҚғй—®пјү','https://dashscope.aliyuncs.com/compatible-mode/v1','sk-9a6a6292001847ca8eac5f8353f3d7a7','qwen-plus',30000,2,2000,5000,0,1,0,'иҜ·е°Ҷ api_key ж”№дёәе®һйҷ… Key еҗҺдҝқеӯҳпјҢе№¶зӮ№еҮ»гҖҢи®ҫдёәз”ҹж•ҲгҖҚ','2026-03-18 14:42:33',NULL,'2026-03-18 15:41:58','system',0),(2,'з§»еҠЁдә‘','https://zhenze-huhehaote.cmecloud.cn/v1','bW-YElAMDW_Uwd6ZtcMVYX1tqaSvhXxGFL6a-llH7HY','minimax-m2.5',30000,2,2000,5000,0,1,0,'','2026-03-18 15:40:14','system','2026-03-24 11:19:00','system',0),(3,'иҒ”йҖҡдә‘','https://aigw-gzgy2.cucloud.cn:8443/v1','sk-sp-pPX0ZZVSl7I9I2Jcwzf5hLI5uUvrLkya','MiniMax-M2.5',30000,2,2000,5000,1,1,0,'','2026-03-18 15:41:50','system','2026-03-18 16:04:37','system',0),(4,'з§»еҠЁдә‘2','https://zhenze-huhehaote.cmecloud.cn/api/coding/v1','bW-YElAMDW_Uwd6ZtcMVYX1tqaSvhXxGFL6a-llH7HY','minimax-m2.5',30000,2,2000,5000,0,1,0,'','2026-03-18 15:51:07','system','2026-03-18 15:58:43','system',0);
/*!40000 ALTER TABLE `sys_ai_config` ENABLE KEYS */;
UNLOCK TABLES;

--
-- Table structure for table `sys_config`
--

DROP TABLE IF EXISTS `sys_config`;
/*!40101 SET @saved_cs_client     = @@character_set_client */;
/*!50503 SET character_set_client = utf8mb4 */;
CREATE TABLE `sys_config` (
  `id` bigint NOT NULL AUTO_INCREMENT COMMENT 'дё»й”®ID',
  `config_key` varchar(100) CHARACTER SET utf8mb4 COLLATE utf8mb4_0900_ai_ci NOT NULL COMMENT 'еҸӮж•°й”®',
  `config_value` text CHARACTER SET utf8mb4 COLLATE utf8mb4_0900_ai_ci NOT NULL COMMENT 'еҸӮж•°еҖј',
  `config_name` varchar(100) CHARACTER SET utf8mb4 COLLATE utf8mb4_0900_ai_ci NOT NULL COMMENT 'еҸӮж•°еҗҚз§°',
  `description` varchar(255) CHARACTER SET utf8mb4 COLLATE utf8mb4_0900_ai_ci DEFAULT NULL COMMENT 'жҸҸиҝ°',
  `type` varchar(20) CHARACTER SET utf8mb4 COLLATE utf8mb4_0900_ai_ci DEFAULT 'string' COMMENT 'еҸӮж•°зұ»еһӢпјҲstringгҖҒnumberгҖҒbooleanгҖҒjsonпјү',
  `status` tinyint(1) DEFAULT '1' COMMENT 'зҠ¶жҖҒпјҲ0пјҡзҰҒз”ЁпјҢ1пјҡеҗҜз”Ёпјү',
  `remark` varchar(500) CHARACTER SET utf8mb4 COLLATE utf8mb4_0900_ai_ci DEFAULT NULL COMMENT 'еӨҮжіЁ',
  `create_time` datetime DEFAULT CURRENT_TIMESTAMP COMMENT 'еҲӣе»әж—¶й—ҙ',
  `create_by` varchar(50) CHARACTER SET utf8mb4 COLLATE utf8mb4_0900_ai_ci DEFAULT NULL COMMENT 'еҲӣе»әдәә',
  `update_time` datetime DEFAULT CURRENT_TIMESTAMP ON UPDATE CURRENT_TIMESTAMP COMMENT 'жӣҙж–°ж—¶й—ҙ',
  `update_by` varchar(50) CHARACTER SET utf8mb4 COLLATE utf8mb4_0900_ai_ci DEFAULT NULL COMMENT 'жӣҙж–°дәә',
  `deleted` tinyint(1) DEFAULT '0' COMMENT 'еҲ йҷӨж Үеҝ—пјҲ0пјҡжңӘеҲ йҷӨпјҢ1пјҡе·ІеҲ йҷӨпјү',
  PRIMARY KEY (`id`) USING BTREE,
  UNIQUE KEY `uk_config_key` (`config_key`) USING BTREE
) ENGINE=InnoDB AUTO_INCREMENT=9 DEFAULT CHARSET=utf8mb4 COLLATE=utf8mb4_0900_ai_ci ROW_FORMAT=DYNAMIC COMMENT='е…ЁеұҖеҸҳйҮҸиЎЁ';
/*!40101 SET character_set_client = @saved_cs_client */;

--
-- Dumping data for table `sys_config`
--

LOCK TABLES `sys_config` WRITE;
/*!40000 ALTER TABLE `sys_config` DISABLE KEYS */;
INSERT INTO `sys_config` VALUES (1,'system.name','еҹәзЎҖз®ЎзҗҶзі»з»ҹ','зі»з»ҹеҗҚз§°','зі»з»ҹзҡ„еҗҚз§°','string',1,NULL,'2026-01-14 14:59:03','system','2026-01-14 14:59:03',NULL,0),(2,'system.version','1.0.0','зі»з»ҹзүҲжң¬','зі»з»ҹзҡ„зүҲжң¬еҸ·','string',1,NULL,'2026-01-14 14:59:03','system','2026-01-14 14:59:03',NULL,0),(3,'user.password.maxRetryCount','5','еҜҶз ҒжңҖеӨ§йҮҚиҜ•ж¬Ўж•°','з”ЁжҲ·зҷ»еҪ•еҜҶз ҒжңҖеӨ§йҮҚиҜ•ж¬Ўж•°','number',1,NULL,'2026-01-14 14:59:03','system','2026-01-14 14:59:03',NULL,0),(4,'user.password.lockTime','10','иҙҰеҸ·й”Ғе®ҡж—¶й—ҙ','еҜҶз Ғиҫ“й”ҷеҗҺиҙҰеҸ·й”Ғе®ҡж—¶й—ҙпјҲеҲҶй’ҹпјү','number',1,NULL,'2026-01-14 14:59:03','system','2026-01-14 14:59:03',NULL,0),(5,'captcha.enabled','true','йӘҢиҜҒз ҒејҖе…і','жҳҜеҗҰејҖеҗҜйӘҢиҜҒз ҒеҠҹиғҪ','boolean',1,NULL,'2026-01-14 14:59:03','system','2026-01-14 14:59:03',NULL,0),(6,'captcha.type','math','йӘҢиҜҒз Ғзұ»еһӢ','йӘҢиҜҒз Ғзұ»еһӢпјҲmathпјҡж•°еӯ—иҝҗз®—пјҢcharпјҡеӯ—з¬ҰйӘҢиҜҒпјү','string',1,NULL,'2026-01-14 14:59:03','system','2026-01-14 14:59:03',NULL,0),(7,'stock.sync.batch.threshold','100','Kзәҝжү№йҮҸеҗҢжӯҘйҳҲеҖј',NULL,'number',1,'иӮЎзҘЁж•°йҮҸи¶…иҝҮжӯӨеҖјж—¶дҪҝз”Ёжү№йҮҸжҺҘеҸЈпјҢй»ҳи®Ө100','2026-02-06 15:11:16',NULL,'2026-02-06 15:11:16',NULL,0),(8,'stock.sync.batch.size','3','Kзәҝжү№йҮҸиҜ·жұӮеӨ§е°Ҹ',NULL,'number',1,'жҜҸж¬Ўжү№йҮҸиҜ·жұӮзҡ„жңҖеӨ§иӮЎзҘЁж•°йҮҸпјҢй»ҳи®Ө100','2026-02-06 15:11:16',NULL,'2026-02-06 15:44:00',NULL,0);
/*!40000 ALTER TABLE `sys_config` ENABLE KEYS */;
UNLOCK TABLES;

--
-- Table structure for table `sys_dept`
--

DROP TABLE IF EXISTS `sys_dept`;
/*!40101 SET @saved_cs_client     = @@character_set_client */;
/*!50503 SET character_set_client = utf8mb4 */;
CREATE TABLE `sys_dept` (
  `id` bigint NOT NULL AUTO_INCREMENT COMMENT 'дё»й”®ID',
  `parent_id` bigint DEFAULT '0' COMMENT 'зҲ¶зә§ID',
  `dept_name` varchar(50) CHARACTER SET utf8mb4 COLLATE utf8mb4_0900_ai_ci NOT NULL COMMENT 'йғЁй—ЁеҗҚз§°',
  `dept_code` varchar(50) CHARACTER SET utf8mb4 COLLATE utf8mb4_0900_ai_ci DEFAULT NULL COMMENT 'йғЁй—Ёзј–з Ғ',
  `leader` varchar(50) CHARACTER SET utf8mb4 COLLATE utf8mb4_0900_ai_ci DEFAULT NULL COMMENT 'иҙҹиҙЈдәә',
  `phone` varchar(20) CHARACTER SET utf8mb4 COLLATE utf8mb4_0900_ai_ci DEFAULT NULL COMMENT 'иҒ”зі»з”өиҜқ',
  `email` varchar(100) CHARACTER SET utf8mb4 COLLATE utf8mb4_0900_ai_ci DEFAULT NULL COMMENT 'йӮ®з®ұ',
  `sort` int DEFAULT '0' COMMENT 'жҺ’еәҸ',
  `status` tinyint(1) DEFAULT '1' COMMENT 'зҠ¶жҖҒпјҲ0пјҡзҰҒз”ЁпјҢ1пјҡеҗҜз”Ёпјү',
  `remark` varchar(500) CHARACTER SET utf8mb4 COLLATE utf8mb4_0900_ai_ci DEFAULT NULL COMMENT 'еӨҮжіЁ',
  `create_time` datetime DEFAULT CURRENT_TIMESTAMP COMMENT 'еҲӣе»әж—¶й—ҙ',
  `create_by` varchar(50) CHARACTER SET utf8mb4 COLLATE utf8mb4_0900_ai_ci DEFAULT NULL COMMENT 'еҲӣе»әдәә',
  `update_time` datetime DEFAULT CURRENT_TIMESTAMP ON UPDATE CURRENT_TIMESTAMP COMMENT 'жӣҙж–°ж—¶й—ҙ',
  `update_by` varchar(50) CHARACTER SET utf8mb4 COLLATE utf8mb4_0900_ai_ci DEFAULT NULL COMMENT 'жӣҙж–°дәә',
  `deleted` tinyint(1) DEFAULT '0' COMMENT 'еҲ йҷӨж Үеҝ—пјҲ0пјҡжңӘеҲ йҷӨпјҢ1пјҡе·ІеҲ йҷӨпјү',
  PRIMARY KEY (`id`) USING BTREE,
  KEY `idx_parent_id` (`parent_id`) USING BTREE
) ENGINE=InnoDB AUTO_INCREMENT=7 DEFAULT CHARSET=utf8mb4 COLLATE=utf8mb4_0900_ai_ci ROW_FORMAT=DYNAMIC COMMENT='йғЁй—ЁиЎЁ';
/*!40101 SET character_set_client = @saved_cs_client */;

--
-- Dumping data for table `sys_dept`
--

LOCK TABLES `sys_dept` WRITE;
/*!40000 ALTER TABLE `sys_dept` DISABLE KEYS */;
INSERT INTO `sys_dept` VALUES (1,0,'жҖ»е…¬еҸё','ROOT','з®ЎзҗҶе‘ҳ','13800138000','admin@example.com',0,1,NULL,'2026-01-14 14:59:02','system','2026-01-14 14:59:02',NULL,0),(2,1,'жҠҖжңҜйғЁ','TECH','жҠҖжңҜжҖ»зӣ‘','13800138001','tech@example.com',1,1,NULL,'2026-01-14 14:59:02','system','2026-01-14 14:59:02',NULL,0),(3,1,'еёӮеңәйғЁ','MARKET','еёӮеңәжҖ»зӣ‘','13800138002','market@example.com',2,1,NULL,'2026-01-14 14:59:02','system','2026-01-14 14:59:02',NULL,0),(4,1,'иҙўеҠЎйғЁ','FINANCE','иҙўеҠЎжҖ»зӣ‘','13800138003','finance@example.com',3,1,NULL,'2026-01-14 14:59:02','system','2026-01-14 14:59:02',NULL,0),(5,2,'з ”еҸ‘з»„','DEV','з ”еҸ‘з»„й•ҝ','13800138004','dev@example.com',1,1,NULL,'2026-01-14 14:59:02','system','2026-01-14 14:59:02',NULL,0),(6,2,'жөӢиҜ•з»„','TEST','жөӢиҜ•з»„й•ҝ','13800138005','test@example.com',2,1,NULL,'2026-01-14 14:59:02','system','2026-01-14 14:59:02',NULL,0);
/*!40000 ALTER TABLE `sys_dept` ENABLE KEYS */;
UNLOCK TABLES;

--
-- Table structure for table `sys_enum`
--

DROP TABLE IF EXISTS `sys_enum`;
/*!40101 SET @saved_cs_client     = @@character_set_client */;
/*!50503 SET character_set_client = utf8mb4 */;
CREATE TABLE `sys_enum` (
  `id` bigint NOT NULL AUTO_INCREMENT COMMENT 'дё»й”®ID',
  `enum_type` varchar(50) CHARACTER SET utf8mb4 COLLATE utf8mb4_0900_ai_ci NOT NULL COMMENT 'жһҡдёҫзұ»еһӢ',
  `type_desc` varchar(100) CHARACTER SET utf8mb4 COLLATE utf8mb4_0900_ai_ci DEFAULT NULL COMMENT 'жһҡдёҫзұ»еһӢдёӯж–ҮжҸҸиҝ°',
  `enum_code` varchar(50) CHARACTER SET utf8mb4 COLLATE utf8mb4_0900_ai_ci NOT NULL COMMENT 'жһҡдёҫзј–з Ғ',
  `enum_value` varchar(100) CHARACTER SET utf8mb4 COLLATE utf8mb4_0900_ai_ci NOT NULL COMMENT 'жһҡдёҫеҖј',
  `description` varchar(255) CHARACTER SET utf8mb4 COLLATE utf8mb4_0900_ai_ci DEFAULT NULL COMMENT 'жҸҸиҝ°',
  `sort` int DEFAULT '0' COMMENT 'жҺ’еәҸ',
  `status` tinyint(1) DEFAULT '1' COMMENT 'зҠ¶жҖҒпјҲ0пјҡзҰҒз”ЁпјҢ1пјҡеҗҜз”Ёпјү',
  `remark` varchar(500) CHARACTER SET utf8mb4 COLLATE utf8mb4_0900_ai_ci DEFAULT NULL COMMENT 'еӨҮжіЁ',
  `create_time` datetime DEFAULT CURRENT_TIMESTAMP COMMENT 'еҲӣе»әж—¶й—ҙ',
  `create_by` varchar(50) CHARACTER SET utf8mb4 COLLATE utf8mb4_0900_ai_ci DEFAULT NULL COMMENT 'еҲӣе»әдәә',
  `update_time` datetime DEFAULT CURRENT_TIMESTAMP ON UPDATE CURRENT_TIMESTAMP COMMENT 'жӣҙж–°ж—¶й—ҙ',
  `update_by` varchar(50) CHARACTER SET utf8mb4 COLLATE utf8mb4_0900_ai_ci DEFAULT NULL COMMENT 'жӣҙж–°дәә',
  `deleted` tinyint(1) DEFAULT '0' COMMENT 'еҲ йҷӨж Үеҝ—пјҲ0пјҡжңӘеҲ йҷӨпјҢ1пјҡе·ІеҲ йҷӨпјү',
  PRIMARY KEY (`id`) USING BTREE,
  UNIQUE KEY `uk_type_code` (`enum_type`,`enum_code`) USING BTREE,
  KEY `idx_enum_type` (`enum_type`) USING BTREE
) ENGINE=InnoDB AUTO_INCREMENT=18 DEFAULT CHARSET=utf8mb4 COLLATE=utf8mb4_0900_ai_ci ROW_FORMAT=DYNAMIC COMMENT='жһҡдёҫиЎЁ';
/*!40101 SET character_set_client = @saved_cs_client */;

--
-- Dumping data for table `sys_enum`
--

LOCK TABLES `sys_enum` WRITE;
/*!40000 ALTER TABLE `sys_enum` DISABLE KEYS */;
INSERT INTO `sys_enum` VALUES (1,'gender','жҖ§еҲ«','0','жңӘзҹҘ','жҖ§еҲ«жңӘзҹҘ',0,1,NULL,'2026-01-14 14:59:03','system','2026-02-05 10:49:44',NULL,0),(2,'gender','жҖ§еҲ«','1','з”·','з”·жҖ§',1,1,NULL,'2026-01-14 14:59:03','system','2026-02-05 10:49:44',NULL,0),(3,'gender','жҖ§еҲ«','2','еҘі','еҘіжҖ§',2,1,NULL,'2026-01-14 14:59:03','system','2026-02-05 10:49:44',NULL,0),(4,'status','зҠ¶жҖҒ','0','зҰҒз”Ё','зҰҒз”ЁзҠ¶жҖҒ',0,1,NULL,'2026-01-14 14:59:03','system','2026-02-05 10:49:44',NULL,0),(5,'status','зҠ¶жҖҒ','1','еҗҜз”Ё','еҗҜз”ЁзҠ¶жҖҒ',1,1,NULL,'2026-01-14 14:59:03','system','2026-02-05 10:49:44',NULL,0),(6,'notice_type','йҖҡзҹҘзұ»еһӢ','1','йҖҡзҹҘ','зі»з»ҹйҖҡзҹҘ',1,1,NULL,'2026-01-14 14:59:03','system','2026-02-05 10:49:44',NULL,0),(7,'notice_type','йҖҡзҹҘзұ»еһӢ','2','е…¬е‘Ҡ','зі»з»ҹе…¬е‘Ҡ',2,1,NULL,'2026-01-14 14:59:03','system','2026-02-05 10:49:44',NULL,0),(8,'notice_level','йҖҡзҹҘзә§еҲ«','1','жҷ®йҖҡ','жҷ®йҖҡзә§еҲ«',1,1,NULL,'2026-01-14 14:59:03','system','2026-02-05 10:49:44',NULL,0),(9,'notice_level','йҖҡзҹҘзә§еҲ«','2','йҮҚиҰҒ','йҮҚиҰҒзә§еҲ«',2,1,NULL,'2026-01-14 14:59:03','system','2026-02-05 10:49:44',NULL,0),(10,'notice_level','йҖҡзҹҘзә§еҲ«','3','зҙ§жҖҘ','зҙ§жҖҘзә§еҲ«',3,1,NULL,'2026-01-14 14:59:03','system','2026-02-05 10:49:44',NULL,0),(11,'data_scope','ж•°жҚ®жқғйҷҗиҢғеӣҙ','1','е…ЁйғЁж•°жҚ®','еҸҜд»ҘжҹҘзңӢжүҖжңүж•°жҚ®',1,1,NULL,'2026-01-14 14:59:03','system','2026-02-05 10:49:44',NULL,0),(12,'data_scope','ж•°жҚ®жқғйҷҗиҢғеӣҙ','2','жң¬йғЁй—ЁеҸҠд»ҘдёӢ','еҸҜд»ҘжҹҘзңӢжң¬йғЁй—ЁеҸҠдёӢзә§йғЁй—Ёж•°жҚ®',2,1,NULL,'2026-01-14 14:59:03','system','2026-02-05 10:49:44',NULL,0),(13,'data_scope','ж•°жҚ®жқғйҷҗиҢғеӣҙ','3','жң¬йғЁй—Ё','еҸӘиғҪжҹҘзңӢжң¬йғЁй—Ёж•°жҚ®',3,1,NULL,'2026-01-14 14:59:03','system','2026-02-05 10:49:44',NULL,0),(14,'data_scope','ж•°жҚ®жқғйҷҗиҢғеӣҙ','4','д»…жң¬дәә','еҸӘиғҪжҹҘзңӢиҮӘе·ұзҡ„ж•°жҚ®',4,1,NULL,'2026-01-14 14:59:03','system','2026-02-05 10:49:44',NULL,0),(15,'data_scope','ж•°жҚ®жқғйҷҗиҢғеӣҙ','5','иҮӘе®ҡд№ү','иҮӘе®ҡд№үж•°жҚ®жқғйҷҗ',5,1,NULL,'2026-01-14 14:59:03','system','2026-02-05 10:49:44',NULL,0),(16,'login_status','зҷ»еҪ•зҠ¶жҖҒ','0','еӨұиҙҘ','еӨұиҙҘ',1,1,NULL,'2026-02-04 11:59:34','system','2026-02-05 10:49:44',NULL,0),(17,'login_status','зҷ»еҪ•зҠ¶жҖҒ','1','жҲҗеҠҹ','жҲҗеҠҹ',2,1,NULL,'2026-02-04 11:59:34','system','2026-02-05 10:49:44',NULL,0);
/*!40000 ALTER TABLE `sys_enum` ENABLE KEYS */;
UNLOCK TABLES;

--
-- Table structure for table `sys_export_config`
--

DROP TABLE IF EXISTS `sys_export_config`;
/*!40101 SET @saved_cs_client     = @@character_set_client */;
/*!50503 SET character_set_client = utf8mb4 */;
CREATE TABLE `sys_export_config` (
  `id` bigint NOT NULL AUTO_INCREMENT COMMENT 'дё»й”®ID',
  `config_code` varchar(50) CHARACTER SET utf8mb4 COLLATE utf8mb4_0900_ai_ci NOT NULL COMMENT 'й…ҚзҪ®зј–з ҒпјҲе”ҜдёҖж ҮиҜҶпјү',
  `config_name` varchar(100) CHARACTER SET utf8mb4 COLLATE utf8mb4_0900_ai_ci NOT NULL COMMENT 'й…ҚзҪ®еҗҚз§°',
  `description` varchar(500) CHARACTER SET utf8mb4 COLLATE utf8mb4_0900_ai_ci DEFAULT NULL COMMENT 'й…ҚзҪ®жҸҸиҝ°',
  `data_source_type` varchar(20) CHARACTER SET utf8mb4 COLLATE utf8mb4_0900_ai_ci NOT NULL DEFAULT 'SERVICE' COMMENT 'ж•°жҚ®жәҗзұ»еһӢпјҲSERVICE-жңҚеҠЎж–№жі•, SQL-иҮӘе®ҡд№үSQLпјү',
  `data_source_bean` varchar(100) CHARACTER SET utf8mb4 COLLATE utf8mb4_0900_ai_ci DEFAULT NULL COMMENT 'ж•°жҚ®жәҗBeanеҗҚз§°',
  `data_source_method` varchar(100) CHARACTER SET utf8mb4 COLLATE utf8mb4_0900_ai_ci DEFAULT NULL COMMENT 'ж•°жҚ®жәҗж–№жі•еҗҚ',
  `data_source_sql` text CHARACTER SET utf8mb4 COLLATE utf8mb4_0900_ai_ci COMMENT 'иҮӘе®ҡд№үSQL',
  `query_param_class` varchar(200) CHARACTER SET utf8mb4 COLLATE utf8mb4_0900_ai_ci DEFAULT NULL COMMENT 'жҹҘиҜўеҸӮж•°зұ»е…Ёи·Ҝеҫ„',
  `batch_size` int DEFAULT '5000' COMMENT 'еҲҶжү№жҹҘиҜўеӨ§е°Ҹ',
  `max_export_count` int DEFAULT '1000000' COMMENT 'жңҖеӨ§еҜјеҮәж•°йҮҸ',
  `file_name_pattern` varchar(100) CHARACTER SET utf8mb4 COLLATE utf8mb4_0900_ai_ci DEFAULT NULL COMMENT 'ж–Үд»¶еҗҚжЁЎејҸ',
  `enable_multi_sheet` tinyint(1) DEFAULT '0' COMMENT 'жҳҜеҗҰеҗҜз”ЁеӨҡSheet',
  `sheet_max_rows` int DEFAULT '100000' COMMENT 'еҚ•SheetжңҖеӨ§иЎҢж•°',
  `permission_code` varchar(100) CHARACTER SET utf8mb4 COLLATE utf8mb4_0900_ai_ci DEFAULT NULL COMMENT 'жқғйҷҗзј–з Ғ',
  `status` tinyint(1) DEFAULT '1' COMMENT 'зҠ¶жҖҒпјҲ0-зҰҒз”ЁпјҢ1-еҗҜз”Ёпјү',
  `sort` int DEFAULT '0' COMMENT 'жҺ’еәҸ',
  `remark` varchar(500) CHARACTER SET utf8mb4 COLLATE utf8mb4_0900_ai_ci DEFAULT NULL COMMENT 'еӨҮжіЁ',
  `create_time` datetime DEFAULT CURRENT_TIMESTAMP COMMENT 'еҲӣе»әж—¶й—ҙ',
  `create_by` varchar(50) CHARACTER SET utf8mb4 COLLATE utf8mb4_0900_ai_ci DEFAULT NULL COMMENT 'еҲӣе»әдәә',
  `update_time` datetime DEFAULT CURRENT_TIMESTAMP ON UPDATE CURRENT_TIMESTAMP COMMENT 'жӣҙж–°ж—¶й—ҙ',
  `update_by` varchar(50) CHARACTER SET utf8mb4 COLLATE utf8mb4_0900_ai_ci DEFAULT NULL COMMENT 'жӣҙж–°дәә',
  `deleted` tinyint(1) DEFAULT '0' COMMENT 'еҲ йҷӨж Үеҝ—пјҲ0-жңӘеҲ йҷӨпјҢ1-е·ІеҲ йҷӨпјү',
  PRIMARY KEY (`id`) USING BTREE,
  UNIQUE KEY `uk_config_code` (`config_code`) USING BTREE
) ENGINE=InnoDB AUTO_INCREMENT=2 DEFAULT CHARSET=utf8mb4 COLLATE=utf8mb4_0900_ai_ci ROW_FORMAT=DYNAMIC COMMENT='еҜјеҮәй…ҚзҪ®дё»иЎЁ';
/*!40101 SET character_set_client = @saved_cs_client */;

--
-- Dumping data for table `sys_export_config`
--

LOCK TABLES `sys_export_config` WRITE;
/*!40000 ALTER TABLE `sys_export_config` DISABLE KEYS */;
/*!40000 ALTER TABLE `sys_export_config` ENABLE KEYS */;
UNLOCK TABLES;

--
-- Table structure for table `sys_export_field`
--

DROP TABLE IF EXISTS `sys_export_field`;
/*!40101 SET @saved_cs_client     = @@character_set_client */;
/*!50503 SET character_set_client = utf8mb4 */;
CREATE TABLE `sys_export_field` (
  `id` bigint NOT NULL AUTO_INCREMENT COMMENT 'дё»й”®ID',
  `config_id` bigint NOT NULL COMMENT 'еҜјеҮәй…ҚзҪ®ID',
  `field_name` varchar(100) CHARACTER SET utf8mb4 COLLATE utf8mb4_0900_ai_ci NOT NULL COMMENT 'еӯ—ж®өеҗҚ',
  `field_label` varchar(100) CHARACTER SET utf8mb4 COLLATE utf8mb4_0900_ai_ci NOT NULL COMMENT 'еӯ—ж®өж ҮзӯҫпјҲExcelеҲ—ж Үйўҳпјү',
  `field_type` varchar(20) CHARACTER SET utf8mb4 COLLATE utf8mb4_0900_ai_ci DEFAULT 'STRING' COMMENT 'еӯ—ж®өзұ»еһӢпјҲSTRING/NUMBER/DATE/DATETIME/BOOLEANпјү',
  `field_width` int DEFAULT '20' COMMENT 'еҲ—е®ҪеәҰ',
  `field_format` varchar(50) CHARACTER SET utf8mb4 COLLATE utf8mb4_0900_ai_ci DEFAULT NULL COMMENT 'ж јејҸеҢ–жЁЎејҸпјҲеҰӮж—Ҙжңҹж јејҸпјҡyyyy-MM-ddпјү',
  `dict_type` varchar(50) CHARACTER SET utf8mb4 COLLATE utf8mb4_0900_ai_ci DEFAULT NULL COMMENT 'еӯ—е…ёзұ»еһӢпјҲе…іиҒ”sys_enumиЎЁзҡ„enum_typeпјү',
  `mask_type` varchar(20) CHARACTER SET utf8mb4 COLLATE utf8mb4_0900_ai_ci DEFAULT NULL COMMENT 'и„ұж•Ҹзұ»еһӢпјҲPHONE/ID_CARD/EMAIL/BANK_CARD/NAME/CUSTOMпјү',
  `mask_pattern` varchar(100) CHARACTER SET utf8mb4 COLLATE utf8mb4_0900_ai_ci DEFAULT NULL COMMENT 'иҮӘе®ҡд№үи„ұж•ҸжӯЈеҲҷ',
  `mask_replacement` varchar(50) CHARACTER SET utf8mb4 COLLATE utf8mb4_0900_ai_ci DEFAULT NULL COMMENT 'иҮӘе®ҡд№үи„ұж•ҸжӣҝжҚўеӯ—з¬Ұ',
  `converter_bean` varchar(100) CHARACTER SET utf8mb4 COLLATE utf8mb4_0900_ai_ci DEFAULT NULL COMMENT 'иҮӘе®ҡд№үиҪ¬жҚўеҷЁBeanеҗҚз§°',
  `default_value` varchar(100) CHARACTER SET utf8mb4 COLLATE utf8mb4_0900_ai_ci DEFAULT NULL COMMENT 'й»ҳи®ӨеҖјпјҲеӯ—ж®өеҖјдёәз©әж—¶дҪҝз”Ёпјү',
  `sort` int DEFAULT '0' COMMENT 'жҺ’еәҸ',
  `status` tinyint(1) DEFAULT '1' COMMENT 'зҠ¶жҖҒпјҲ0-зҰҒз”ЁпјҢ1-еҗҜз”Ёпјү',
  `remark` varchar(500) CHARACTER SET utf8mb4 COLLATE utf8mb4_0900_ai_ci DEFAULT NULL COMMENT 'еӨҮжіЁ',
  `create_time` datetime DEFAULT CURRENT_TIMESTAMP COMMENT 'еҲӣе»әж—¶й—ҙ',
  `create_by` varchar(50) CHARACTER SET utf8mb4 COLLATE utf8mb4_0900_ai_ci DEFAULT NULL COMMENT 'еҲӣе»әдәә',
  `update_time` datetime DEFAULT CURRENT_TIMESTAMP ON UPDATE CURRENT_TIMESTAMP COMMENT 'жӣҙж–°ж—¶й—ҙ',
  `update_by` varchar(50) CHARACTER SET utf8mb4 COLLATE utf8mb4_0900_ai_ci DEFAULT NULL COMMENT 'жӣҙж–°дәә',
  `deleted` tinyint(1) DEFAULT '0' COMMENT 'еҲ йҷӨж Үеҝ—пјҲ0-жңӘеҲ йҷӨпјҢ1-е·ІеҲ йҷӨпјү',
  PRIMARY KEY (`id`) USING BTREE,
  KEY `idx_config_id` (`config_id`) USING BTREE
) ENGINE=InnoDB AUTO_INCREMENT=28 DEFAULT CHARSET=utf8mb4 COLLATE=utf8mb4_0900_ai_ci ROW_FORMAT=DYNAMIC COMMENT='еҜјеҮәеӯ—ж®өй…ҚзҪ®иЎЁ';
/*!40101 SET character_set_client = @saved_cs_client */;

--
-- Dumping data for table `sys_export_field`
--

LOCK TABLES `sys_export_field` WRITE;
/*!40000 ALTER TABLE `sys_export_field` DISABLE KEYS */;
INSERT INTO `sys_export_field` VALUES (1,1,'id','ж—Ҙеҝ—ID','NUMBER',10,NULL,NULL,NULL,NULL,NULL,NULL,NULL,1,1,NULL,'2026-02-04 11:58:09',NULL,'2026-02-04 14:15:56',NULL,1),(2,1,'username','з”ЁжҲ·еҗҚ','STRING',15,NULL,NULL,NULL,NULL,NULL,NULL,NULL,2,1,NULL,'2026-02-04 11:58:09',NULL,'2026-02-04 14:15:56',NULL,1),(3,1,'loginIp','зҷ»еҪ•IP','STRING',15,NULL,NULL,NULL,NULL,NULL,NULL,NULL,3,1,NULL,'2026-02-04 11:58:09',NULL,'2026-02-04 14:15:56',NULL,1),(4,1,'loginLocation','зҷ»еҪ•ең°зӮ№','STRING',20,NULL,NULL,NULL,NULL,NULL,NULL,NULL,4,1,NULL,'2026-02-04 11:58:09',NULL,'2026-02-04 14:15:56',NULL,1),(5,1,'browser','жөҸи§ҲеҷЁ','STRING',25,NULL,NULL,NULL,NULL,NULL,NULL,NULL,5,1,NULL,'2026-02-04 11:58:09',NULL,'2026-02-04 14:15:56',NULL,1),(6,1,'os','ж“ҚдҪңзі»з»ҹ','STRING',25,NULL,NULL,NULL,NULL,NULL,NULL,NULL,6,1,NULL,'2026-02-04 11:58:09',NULL,'2026-02-04 14:15:56',NULL,1),(7,1,'status','зҷ»еҪ•зҠ¶жҖҒ','STRING',10,NULL,'login_status',NULL,NULL,NULL,NULL,NULL,7,1,NULL,'2026-02-04 11:58:09',NULL,'2026-02-04 14:15:56',NULL,1),(8,1,'message','жҸҗзӨәдҝЎжҒҜ','STRING',30,NULL,NULL,NULL,NULL,NULL,NULL,NULL,8,1,NULL,'2026-02-04 11:58:09',NULL,'2026-02-04 14:15:56',NULL,1),(9,1,'createTime','зҷ»еҪ•ж—¶й—ҙ','DATETIME',20,'yyyy-MM-dd HH:mm:ss',NULL,NULL,NULL,NULL,NULL,NULL,9,1,NULL,'2026-02-04 11:58:09',NULL,'2026-02-04 14:15:56',NULL,1),(10,1,'id','ж—Ҙеҝ—ID','NUMBER',10,NULL,NULL,NULL,NULL,NULL,NULL,NULL,0,0,NULL,'2026-02-04 14:15:57','system','2026-02-04 14:23:04','system',1),(11,1,'username','з”ЁжҲ·еҗҚ','STRING',15,NULL,NULL,NULL,NULL,NULL,NULL,NULL,1,1,NULL,'2026-02-04 14:15:57','system','2026-02-04 14:23:04','system',1),(12,1,'loginIp','зҷ»еҪ•IP','STRING',15,NULL,NULL,NULL,NULL,NULL,NULL,NULL,2,1,NULL,'2026-02-04 14:15:57','system','2026-02-04 14:23:04','system',1),(13,1,'loginLocation','зҷ»еҪ•ең°зӮ№','STRING',20,NULL,NULL,NULL,NULL,NULL,NULL,NULL,3,1,NULL,'2026-02-04 14:15:57','system','2026-02-04 14:23:04','system',1),(14,1,'browser','жөҸи§ҲеҷЁ','STRING',25,NULL,NULL,NULL,NULL,NULL,NULL,NULL,4,1,NULL,'2026-02-04 14:15:57','system','2026-02-04 14:23:04','system',1),(15,1,'os','ж“ҚдҪңзі»з»ҹ','STRING',25,NULL,NULL,NULL,NULL,NULL,NULL,NULL,5,1,NULL,'2026-02-04 14:15:57','system','2026-02-04 14:23:04','system',1),(16,1,'status','зҷ»еҪ•зҠ¶жҖҒ','STRING',10,NULL,'login_status',NULL,NULL,NULL,NULL,NULL,6,1,NULL,'2026-02-04 14:15:57','system','2026-02-04 14:23:04','system',1),(17,1,'message','жҸҗзӨәдҝЎжҒҜ','STRING',30,NULL,NULL,NULL,NULL,NULL,NULL,NULL,7,1,NULL,'2026-02-04 14:15:57','system','2026-02-04 14:23:04','system',1),(18,1,'createTime','зҷ»еҪ•ж—¶й—ҙ','DATETIME',20,'yyyy-MM-dd HH:mm:ss',NULL,NULL,NULL,NULL,NULL,NULL,8,1,NULL,'2026-02-04 14:15:57','system','2026-02-04 14:23:04','system',1),(19,1,'id','ж—Ҙеҝ—ID','NUMBER',10,NULL,NULL,NULL,NULL,NULL,NULL,NULL,0,0,NULL,'2026-02-04 14:23:05','system','2026-02-04 14:23:05','system',0),(20,1,'username','з”ЁжҲ·еҗҚ','STRING',15,NULL,NULL,NULL,NULL,NULL,NULL,NULL,1,1,NULL,'2026-02-04 14:23:05','system','2026-02-04 14:23:05','system',0),(21,1,'loginIp','зҷ»еҪ•IP','STRING',15,NULL,NULL,NULL,NULL,NULL,NULL,NULL,2,1,NULL,'2026-02-04 14:23:05','system','2026-02-04 14:23:05','system',0),(22,1,'loginLocation','зҷ»еҪ•ең°зӮ№','STRING',20,NULL,NULL,NULL,NULL,NULL,NULL,NULL,3,1,NULL,'2026-02-04 14:23:05','system','2026-02-04 14:23:05','system',0),(23,1,'browser','жөҸи§ҲеҷЁ','STRING',25,NULL,NULL,NULL,NULL,NULL,NULL,NULL,4,1,NULL,'2026-02-04 14:23:05','system','2026-02-04 14:23:05','system',0),(24,1,'os','ж“ҚдҪңзі»з»ҹ','STRING',25,NULL,NULL,NULL,NULL,NULL,NULL,NULL,5,1,NULL,'2026-02-04 14:23:05','system','2026-02-04 14:23:05','system',0),(25,1,'status','зҷ»еҪ•зҠ¶жҖҒ','STRING',10,NULL,'login_status',NULL,NULL,NULL,NULL,NULL,6,1,NULL,'2026-02-04 14:23:05','system','2026-02-04 14:23:05','system',0),(26,1,'message','жҸҗзӨәдҝЎжҒҜ','STRING',30,NULL,NULL,NULL,NULL,NULL,NULL,NULL,7,1,NULL,'2026-02-04 14:23:05','system','2026-02-04 14:23:05','system',0),(27,1,'createTime','зҷ»еҪ•ж—¶й—ҙ','DATETIME',30,'yyyy-MM-dd HH:mm:ss',NULL,NULL,NULL,NULL,NULL,NULL,8,1,NULL,'2026-02-04 14:23:05','system','2026-02-04 14:23:05','system',0);
/*!40000 ALTER TABLE `sys_export_field` ENABLE KEYS */;
UNLOCK TABLES;

--
-- Table structure for table `sys_export_task`
--

DROP TABLE IF EXISTS `sys_export_task`;
/*!40101 SET @saved_cs_client     = @@character_set_client */;
/*!50503 SET character_set_client = utf8mb4 */;
CREATE TABLE `sys_export_task` (
  `id` bigint NOT NULL AUTO_INCREMENT COMMENT 'дё»й”®ID',
  `task_no` varchar(50) CHARACTER SET utf8mb4 COLLATE utf8mb4_0900_ai_ci NOT NULL COMMENT 'д»»еҠЎзј–еҸ·',
  `config_id` bigint NOT NULL COMMENT 'еҜјеҮәй…ҚзҪ®ID',
  `config_code` varchar(50) CHARACTER SET utf8mb4 COLLATE utf8mb4_0900_ai_ci NOT NULL COMMENT 'еҜјеҮәй…ҚзҪ®зј–з Ғ',
  `config_name` varchar(100) CHARACTER SET utf8mb4 COLLATE utf8mb4_0900_ai_ci DEFAULT NULL COMMENT 'еҜјеҮәй…ҚзҪ®еҗҚз§°',
  `query_params` text CHARACTER SET utf8mb4 COLLATE utf8mb4_0900_ai_ci COMMENT 'жҹҘиҜўеҸӮж•°пјҲJSONж јејҸпјү',
  `status` tinyint NOT NULL DEFAULT '0' COMMENT 'зҠ¶жҖҒпјҲ0-еҫ…еӨ„зҗҶпјҢ1-еӨ„зҗҶдёӯпјҢ2-е·Іе®ҢжҲҗпјҢ3-еӨұиҙҘпјҢ4-е·ІеҸ–ж¶Ҳпјү',
  `total_count` int DEFAULT '0' COMMENT 'жҖ»и®°еҪ•ж•°',
  `processed_count` int DEFAULT '0' COMMENT 'е·ІеӨ„зҗҶи®°еҪ•ж•°',
  `progress` int DEFAULT '0' COMMENT 'иҝӣеәҰзҷҫеҲҶжҜ”пјҲ0-100пјү',
  `file_name` varchar(200) CHARACTER SET utf8mb4 COLLATE utf8mb4_0900_ai_ci DEFAULT NULL COMMENT 'ж–Үд»¶еҗҚ',
  `file_path` varchar(500) CHARACTER SET utf8mb4 COLLATE utf8mb4_0900_ai_ci DEFAULT NULL COMMENT 'ж–Үд»¶и·Ҝеҫ„',
  `file_size` bigint DEFAULT '0' COMMENT 'ж–Үд»¶еӨ§е°ҸпјҲеӯ—иҠӮпјү',
  `file_url` varchar(500) CHARACTER SET utf8mb4 COLLATE utf8mb4_0900_ai_ci DEFAULT NULL COMMENT 'ж–Үд»¶дёӢиҪҪURL',
  `error_message` text CHARACTER SET utf8mb4 COLLATE utf8mb4_0900_ai_ci COMMENT 'й”ҷиҜҜдҝЎжҒҜ',
  `start_time` datetime DEFAULT NULL COMMENT 'ејҖе§Ӣж—¶й—ҙ',
  `end_time` datetime DEFAULT NULL COMMENT 'з»“жқҹж—¶й—ҙ',
  `expire_time` datetime DEFAULT NULL COMMENT 'ж–Үд»¶иҝҮжңҹж—¶й—ҙ',
  `download_count` int DEFAULT '0' COMMENT 'дёӢиҪҪж¬Ўж•°',
  `create_time` datetime DEFAULT CURRENT_TIMESTAMP COMMENT 'еҲӣе»әж—¶й—ҙ',
  `create_by` varchar(50) CHARACTER SET utf8mb4 COLLATE utf8mb4_0900_ai_ci DEFAULT NULL COMMENT 'еҲӣе»әдәә',
  `update_time` datetime DEFAULT CURRENT_TIMESTAMP ON UPDATE CURRENT_TIMESTAMP COMMENT 'жӣҙж–°ж—¶й—ҙ',
  `update_by` varchar(50) CHARACTER SET utf8mb4 COLLATE utf8mb4_0900_ai_ci DEFAULT NULL COMMENT 'жӣҙж–°дәә',
  `deleted` tinyint(1) DEFAULT '0' COMMENT 'еҲ йҷӨж Үеҝ—пјҲ0-жңӘеҲ йҷӨпјҢ1-е·ІеҲ йҷӨпјү',
  PRIMARY KEY (`id`) USING BTREE,
  UNIQUE KEY `uk_task_no` (`task_no`) USING BTREE,
  KEY `idx_config_id` (`config_id`) USING BTREE,
  KEY `idx_status` (`status`) USING BTREE,
  KEY `idx_create_by` (`create_by`) USING BTREE
) ENGINE=InnoDB AUTO_INCREMENT=3 DEFAULT CHARSET=utf8mb4 COLLATE=utf8mb4_0900_ai_ci ROW_FORMAT=DYNAMIC COMMENT='еҜјеҮәд»»еҠЎиЎЁ';
/*!40101 SET character_set_client = @saved_cs_client */;

--
-- Dumping data for table `sys_export_task`
--

LOCK TABLES `sys_export_task` WRITE;
/*!40000 ALTER TABLE `sys_export_task` DISABLE KEYS */;
INSERT INTO `sys_export_task` VALUES (1,'EXP20260204141611A0A32F87',1,'login_log_export','зҷ»еҪ•ж—Ҙеҝ—еҜјеҮә','{\"username\":\"\",\"loginIp\":\"\",\"status\":null,\"startTime\":\"\",\"endTime\":\"\"}',2,18,18,100,'зҷ»еҪ•ж—Ҙеҝ—_20260204141612.xlsx','D:/upload/export/2026/02/04/зҷ»еҪ•ж—Ҙеҝ—_20260204141612.xlsx',4372,'/api/system/export/task/EXP20260204141611A0A32F87',NULL,'2026-02-04 14:16:12','2026-02-04 14:16:13','2026-02-11 14:16:13',1,'2026-02-04 14:16:12','system','2026-02-04 14:21:23','system',0),(2,'EXP2026020414422819CCE668',1,'login_log_export','зҷ»еҪ•ж—Ҙеҝ—еҜјеҮә','{\"username\":\"\",\"loginIp\":\"\",\"status\":null,\"startTime\":\"\",\"endTime\":\"\"}',2,18,18,100,'зҷ»еҪ•ж—Ҙеҝ—_20260204144229.xlsx','D:/upload/export/2026/02/04/зҷ»еҪ•ж—Ҙеҝ—_20260204144229.xlsx',4592,'/api/system/export/task/EXP2026020414422819CCE668',NULL,'2026-02-04 14:42:29','2026-02-04 14:42:31','2026-02-11 14:42:31',1,'2026-02-04 14:42:29','system','2026-02-04 14:42:51','system',0);
/*!40000 ALTER TABLE `sys_export_task` ENABLE KEYS */;
UNLOCK TABLES;

--
-- Table structure for table `sys_file`
--

DROP TABLE IF EXISTS `sys_file`;
/*!40101 SET @saved_cs_client     = @@character_set_client */;
/*!50503 SET character_set_client = utf8mb4 */;
CREATE TABLE `sys_file` (
  `id` bigint NOT NULL AUTO_INCREMENT COMMENT 'ж–Үд»¶ID',
  `file_name` varchar(255) COLLATE utf8mb4_unicode_ci NOT NULL COMMENT 'ж–Үд»¶еҗҚпјҲFastDFSи·Ҝеҫ„пјү',
  `original_name` varchar(255) COLLATE utf8mb4_unicode_ci DEFAULT NULL COMMENT 'еҺҹе§Ӣж–Үд»¶еҗҚ',
  `file_ext` varchar(50) COLLATE utf8mb4_unicode_ci DEFAULT NULL COMMENT 'ж–Үд»¶жү©еұ•еҗҚ',
  `file_size` bigint DEFAULT NULL COMMENT 'ж–Үд»¶еӨ§е°ҸпјҲеӯ—иҠӮпјү',
  `file_type` varchar(100) COLLATE utf8mb4_unicode_ci DEFAULT NULL COMMENT 'ж–Үд»¶зұ»еһӢпјҲMIMEзұ»еһӢпјү',
  `file_path` varchar(500) COLLATE utf8mb4_unicode_ci DEFAULT NULL COMMENT 'ж–Үд»¶еӯҳеӮЁи·Ҝеҫ„',
  `file_url` varchar(500) COLLATE utf8mb4_unicode_ci DEFAULT NULL COMMENT 'ж–Үд»¶и®ҝй—®URL',
  `file_group` varchar(100) COLLATE utf8mb4_unicode_ci DEFAULT 'default' COMMENT 'ж–Үд»¶еҲҶз»„',
  `file_desc` varchar(500) COLLATE utf8mb4_unicode_ci DEFAULT NULL COMMENT 'ж–Үд»¶иҜҙжҳҺ',
  `upload_user_id` bigint DEFAULT NULL COMMENT 'дёҠдј дәәID',
  `upload_user_name` varchar(100) COLLATE utf8mb4_unicode_ci DEFAULT NULL COMMENT 'дёҠдј дәәеҗҚз§°',
  `status` tinyint DEFAULT '1' COMMENT 'зҠ¶жҖҒпјҲ0-зҰҒз”Ё 1-жӯЈеёёпјү',
  `create_time` datetime DEFAULT CURRENT_TIMESTAMP COMMENT 'еҲӣе»әж—¶й—ҙ',
  `update_time` datetime DEFAULT CURRENT_TIMESTAMP ON UPDATE CURRENT_TIMESTAMP COMMENT 'жӣҙж–°ж—¶й—ҙ',
  PRIMARY KEY (`id`),
  KEY `idx_file_group` (`file_group`),
  KEY `idx_upload_user_id` (`upload_user_id`),
  KEY `idx_create_time` (`create_time`)
) ENGINE=InnoDB AUTO_INCREMENT=3 DEFAULT CHARSET=utf8mb4 COLLATE=utf8mb4_unicode_ci COMMENT='ж–Үд»¶з®ЎзҗҶиЎЁ';
/*!40101 SET character_set_client = @saved_cs_client */;

--
-- Dumping data for table `sys_file`
--

LOCK TABLES `sys_file` WRITE;
/*!40000 ALTER TABLE `sys_file` DISABLE KEYS */;
INSERT INTO `sys_file` VALUES (2,'group1/M00/00/00/CgoAAmm85rSAdKH2AAACGzzd5W8810.jpg','111.jpg','jpg',539,'image/jpeg','group1/M00/00/00/CgoAAmm85rSAdKH2AAACGzzd5W8810.jpg','http://119.45.176.101/group1/M00/00/00/CgoAAmm85rSAdKH2AAACGzzd5W8810.jpg','default','',1,'admin',1,'2026-03-20 14:18:29','2026-03-20 14:18:29');
/*!40000 ALTER TABLE `sys_file` ENABLE KEYS */;
UNLOCK TABLES;

--
-- Table structure for table `sys_file_log`
--

DROP TABLE IF EXISTS `sys_file_log`;
/*!40101 SET @saved_cs_client     = @@character_set_client */;
/*!50503 SET character_set_client = utf8mb4 */;
CREATE TABLE `sys_file_log` (
  `id` bigint NOT NULL AUTO_INCREMENT COMMENT 'ж—Ҙеҝ—ID',
  `file_id` bigint DEFAULT NULL COMMENT 'ж–Үд»¶ID',
  `file_name` varchar(255) COLLATE utf8mb4_unicode_ci DEFAULT NULL COMMENT 'ж–Үд»¶еҗҚ',
  `file_path` varchar(500) COLLATE utf8mb4_unicode_ci DEFAULT NULL COMMENT 'ж–Үд»¶и·Ҝеҫ„',
  `operation_type` tinyint DEFAULT NULL COMMENT 'ж“ҚдҪңзұ»еһӢпјҲ1-дёҠдј  2-дёӢиҪҪ 3-еҲ йҷӨ 4-йў„и§Ҳпјү',
  `file_size` bigint DEFAULT NULL COMMENT 'ж–Үд»¶еӨ§е°ҸпјҲеӯ—иҠӮпјү',
  `operator_id` bigint DEFAULT NULL COMMENT 'ж“ҚдҪңдәәID',
  `operator_name` varchar(100) COLLATE utf8mb4_unicode_ci DEFAULT NULL COMMENT 'ж“ҚдҪңдәәеҗҚз§°',
  `ip` varchar(50) COLLATE utf8mb4_unicode_ci DEFAULT NULL COMMENT 'IPең°еқҖ',
  `location` varchar(200) COLLATE utf8mb4_unicode_ci DEFAULT NULL COMMENT 'ж“ҚдҪңең°зӮ№',
  `user_agent` varchar(500) COLLATE utf8mb4_unicode_ci DEFAULT NULL COMMENT 'иҜ·жұӮUA',
  `status` tinyint DEFAULT '1' COMMENT 'ж“ҚдҪңзҠ¶жҖҒпјҲ0-еӨұиҙҘ 1-жҲҗеҠҹпјү',
  `error_msg` text COLLATE utf8mb4_unicode_ci COMMENT 'й”ҷиҜҜдҝЎжҒҜ',
  `execute_time` int DEFAULT NULL COMMENT 'жү§иЎҢж—¶й•ҝпјҲжҜ«з§’пјү',
  `remark` varchar(500) COLLATE utf8mb4_unicode_ci DEFAULT NULL COMMENT 'еӨҮжіЁ',
  `create_time` datetime DEFAULT CURRENT_TIMESTAMP COMMENT 'еҲӣе»әж—¶й—ҙ',
  PRIMARY KEY (`id`),
  KEY `idx_file_id` (`file_id`),
  KEY `idx_operation_type` (`operation_type`),
  KEY `idx_operator_id` (`operator_id`),
  KEY `idx_create_time` (`create_time`)
) ENGINE=InnoDB AUTO_INCREMENT=4 DEFAULT CHARSET=utf8mb4 COLLATE=utf8mb4_unicode_ci COMMENT='ж–Үд»¶ж“ҚдҪңж—Ҙеҝ—иЎЁ';
/*!40101 SET character_set_client = @saved_cs_client */;

--
-- Dumping data for table `sys_file_log`
--

LOCK TABLES `sys_file_log` WRITE;
/*!40000 ALTER TABLE `sys_file_log` DISABLE KEYS */;
INSERT INTO `sys_file_log` VALUES (1,1,'111.jpg','group1/M00/00/00/0f72e146a0f0444094dac0c5d6d276d0.jpg',1,539,1,'admin',NULL,NULL,NULL,1,NULL,20,NULL,'2026-03-20 11:50:33'),(2,2,'111.jpg','group1/M00/00/00/CgoAAmm85rSAdKH2AAACGzzd5W8810.jpg',1,539,1,'admin','183.95.75.117','',NULL,1,NULL,45,NULL,'2026-03-20 14:18:29'),(3,1,'111.jpg','group1/M00/00/00/0f72e146a0f0444094dac0c5d6d276d0.jpg',3,539,1,'admin',NULL,NULL,NULL,1,NULL,NULL,NULL,'2026-03-20 14:18:42');
/*!40000 ALTER TABLE `sys_file_log` ENABLE KEYS */;
UNLOCK TABLES;

--
-- Table structure for table `sys_log_login`
--

DROP TABLE IF EXISTS `sys_log_login`;
/*!40101 SET @saved_cs_client     = @@character_set_client */;
/*!50503 SET character_set_client = utf8mb4 */;
CREATE TABLE `sys_log_login` (
  `id` bigint NOT NULL AUTO_INCREMENT COMMENT 'дё»й”®ID',
  `username` varchar(50) CHARACTER SET utf8mb4 COLLATE utf8mb4_0900_ai_ci NOT NULL COMMENT 'з”ЁжҲ·еҗҚ',
  `ip` varchar(50) CHARACTER SET utf8mb4 COLLATE utf8mb4_0900_ai_ci DEFAULT NULL COMMENT 'IPең°еқҖ',
  `location` varchar(100) CHARACTER SET utf8mb4 COLLATE utf8mb4_0900_ai_ci DEFAULT NULL COMMENT 'зҷ»еҪ•ең°зӮ№',
  `browser` varchar(50) CHARACTER SET utf8mb4 COLLATE utf8mb4_0900_ai_ci DEFAULT NULL COMMENT 'жөҸи§ҲеҷЁ',
  `os` varchar(50) CHARACTER SET utf8mb4 COLLATE utf8mb4_0900_ai_ci DEFAULT NULL COMMENT 'ж“ҚдҪңзі»з»ҹ',
  `status` tinyint(1) DEFAULT '1' COMMENT 'зҠ¶жҖҒпјҲ0пјҡеӨұиҙҘпјҢ1пјҡжҲҗеҠҹпјү',
  `message` varchar(255) CHARACTER SET utf8mb4 COLLATE utf8mb4_0900_ai_ci DEFAULT NULL COMMENT 'жҸҗзӨәдҝЎжҒҜ',
  `create_time` datetime DEFAULT CURRENT_TIMESTAMP COMMENT 'зҷ»еҪ•ж—¶й—ҙ',
  PRIMARY KEY (`id`) USING BTREE,
  KEY `idx_username` (`username`) USING BTREE,
  KEY `idx_create_time` (`create_time`) USING BTREE
) ENGINE=InnoDB AUTO_INCREMENT=109 DEFAULT CHARSET=utf8mb4 COLLATE=utf8mb4_0900_ai_ci ROW_FORMAT=DYNAMIC COMMENT='зҷ»еҪ•ж—Ҙеҝ—иЎЁ';
/*!40101 SET character_set_client = @saved_cs_client */;

--
-- Dumping data for table `sys_log_login`
--

LOCK TABLES `sys_log_login` WRITE;
/*!40000 ALTER TABLE `sys_log_login` DISABLE KEYS */;
INSERT INTO `sys_log_login` VALUES (42,'admin','127.0.0.1','еҶ…зҪ‘IP','жңӘзҹҘ','жңӘзҹҘ',1,'зҷ»еҪ•жҲҗеҠҹ','2026-03-23 19:49:24'),(43,'admin','111.60.0.86','жңӘзҹҘ','Chrome','Linux',1,'зҷ»еҪ•жҲҗеҠҹ','2026-03-23 19:51:52'),(44,'admin','111.60.0.86','жңӘзҹҘ','Chrome','Linux',1,'зҷ»еҪ•жҲҗеҠҹ','2026-03-23 20:09:11'),(45,'admin','111.60.0.86','жңӘзҹҘ','Chrome','Linux',1,'зҷ»еҪ•жҲҗеҠҹ','2026-03-23 20:13:44'),(46,'admin','111.60.0.86','жңӘзҹҘ','Chrome','Linux',1,'зҷ»еҪ•жҲҗеҠҹ','2026-03-23 20:17:24'),(47,'admin','111.60.0.86','жңӘзҹҘ','Chrome','Linux',1,'зҷ»еҪ•жҲҗеҠҹ','2026-03-23 20:17:30'),(48,'admin','111.60.0.86','жңӘзҹҘ','Chrome','Linux',1,'зҷ»еҪ•жҲҗеҠҹ','2026-03-23 20:17:36'),(49,'admin','111.60.0.86','жңӘзҹҘ','Chrome','Linux',1,'зҷ»еҪ•жҲҗеҠҹ','2026-03-23 20:18:55'),(50,'admin','111.60.0.86','жңӘзҹҘ','Chrome','Linux',1,'зҷ»еҪ•жҲҗеҠҹ','2026-03-23 20:19:00'),(51,'admin','111.60.0.86','жңӘзҹҘ','Chrome','Linux',1,'зҷ»еҪ•жҲҗеҠҹ','2026-03-23 20:20:25'),(52,'admin','111.60.0.86','жңӘзҹҘ','Chrome','Linux',1,'зҷ»еҪ•жҲҗеҠҹ','2026-03-23 20:22:26'),(53,'admin','111.60.0.86','жңӘзҹҘ','Chrome','Linux',1,'зҷ»еҪ•жҲҗеҠҹ','2026-03-23 20:32:41'),(54,'admin','127.0.0.1','еҶ…зҪ‘IP','жңӘзҹҘ','жңӘзҹҘ',1,'зҷ»еҪ•жҲҗеҠҹ','2026-03-23 20:33:58'),(55,'admin','111.60.0.86','жңӘзҹҘ','Chrome','Linux',1,'зҷ»еҪ•жҲҗеҠҹ','2026-03-23 20:34:28'),(56,'admin','127.0.0.1','еҶ…зҪ‘IP','жңӘзҹҘ','жңӘзҹҘ',1,'зҷ»еҪ•жҲҗеҠҹ','2026-03-23 20:35:13'),(57,'admin','111.60.0.86','жңӘзҹҘ','Chrome','Linux',1,'зҷ»еҪ•жҲҗеҠҹ','2026-03-23 20:38:41'),(58,'admin','111.60.0.86','жңӘзҹҘ','Chrome','Linux',1,'зҷ»еҪ•жҲҗеҠҹ','2026-03-23 20:43:56'),(59,'admin','183.95.75.68','жңӘзҹҘ','Chrome','Windows',1,'зҷ»еҪ•жҲҗеҠҹ','2026-03-24 11:03:36'),(60,'admin','183.95.75.68','жңӘзҹҘ','Chrome','Windows',1,'зҷ»еҪ•жҲҗеҠҹ','2026-03-24 11:10:01'),(61,'wx_o5E_W5GTeXzQomvf','183.95.75.68','жңӘзҹҘ','Safari','Mac OS',1,'еҫ®дҝЎзҷ»еҪ•жҲҗеҠҹ','2026-03-24 14:22:24'),(62,'wx_o5E_W5GTeXzQomvf','183.95.75.68','жңӘзҹҘ','Safari','Mac OS',1,'еҫ®дҝЎзҷ»еҪ•жҲҗеҠҹ','2026-03-24 14:48:41'),(63,'wx_o5E_W5GTeXzQomvf','183.95.75.68','жңӘзҹҘ','Chrome','Linux',1,'еҫ®дҝЎзҷ»еҪ•жҲҗеҠҹ','2026-03-24 14:57:40'),(64,'wx_o5E_W5GTeXzQomvf','183.95.75.68','жңӘзҹҘ','Chrome','Linux',1,'еҫ®дҝЎзҷ»еҪ•жҲҗеҠҹ','2026-03-24 14:57:44'),(65,'wx_o5E_W5GTeXzQomvf','223.104.121.48','жңӘзҹҘ','Chrome','Linux',1,'еҫ®дҝЎзҷ»еҪ•жҲҗеҠҹ','2026-03-24 14:59:44'),(66,'wx_o5E_W5GTeXzQomvf','223.104.121.48','жңӘзҹҘ','Chrome','Linux',1,'еҫ®дҝЎзҷ»еҪ•жҲҗеҠҹ','2026-03-24 14:59:57'),(67,'wx_o5E_W5GTeXzQomvf','183.95.75.68','жңӘзҹҘ','Safari','Mac OS',1,'еҫ®дҝЎзҷ»еҪ•жҲҗеҠҹ','2026-03-24 15:08:49'),(68,'admin','183.95.75.68','жңӘзҹҘ','Chrome','Windows',1,'зҷ»еҪ•жҲҗеҠҹ','2026-03-24 15:10:03'),(69,'wx_o5E_W5GTeXzQomvf','183.95.75.68','жңӘзҹҘ','Safari','Mac OS',1,'еҫ®дҝЎзҷ»еҪ•жҲҗеҠҹ','2026-03-24 15:21:21'),(70,'wx_o5E_W5GTeXzQomvf','183.95.75.68','жңӘзҹҘ','Chrome','Linux',1,'еҫ®дҝЎзҷ»еҪ•жҲҗеҠҹ','2026-03-24 17:18:03'),(71,'wx_o5E_W5GTeXzQomvf','183.95.75.68','жңӘзҹҘ','Chrome','Linux',1,'еҫ®дҝЎзҷ»еҪ•жҲҗеҠҹ','2026-03-24 17:18:07'),(72,'wx_o5E_W5GTeXzQomvf','183.95.75.68','жңӘзҹҘ','Chrome','Linux',1,'еҫ®дҝЎзҷ»еҪ•жҲҗеҠҹ','2026-03-24 17:18:13'),(73,'wx_o5E_W5GTeXzQomvf','183.95.75.68','жңӘзҹҘ','Safari','Mac OS',1,'еҫ®дҝЎзҷ»еҪ•жҲҗеҠҹ','2026-03-24 17:18:36'),(74,'wx_o5E_W5GTeXzQomvf','183.95.75.68','жңӘзҹҘ','Chrome','Linux',1,'еҫ®дҝЎзҷ»еҪ•жҲҗеҠҹ','2026-03-24 17:19:03'),(75,'wx_o5E_W5GTeXzQomvf','183.95.75.68','жңӘзҹҘ','Chrome','Linux',1,'еҫ®дҝЎзҷ»еҪ•жҲҗеҠҹ','2026-03-24 17:19:08'),(76,'wx_o5E_W5GTeXzQomvf','183.95.75.68','жңӘзҹҘ','Chrome','Linux',1,'еҫ®дҝЎзҷ»еҪ•жҲҗеҠҹ','2026-03-24 17:19:12'),(77,'wx_o5E_W5GTeXzQomvf','183.95.75.68','жңӘзҹҘ','Chrome','Linux',1,'еҫ®дҝЎзҷ»еҪ•жҲҗеҠҹ','2026-03-24 17:19:28'),(78,'wx_o5E_W5GTeXzQomvf','183.95.75.68','жңӘзҹҘ','Safari','Mac OS',1,'еҫ®дҝЎзҷ»еҪ•жҲҗеҠҹ','2026-03-24 17:20:30'),(79,'wx_o5E_W5GTeXzQomvf','183.95.75.68','жңӘзҹҘ','Safari','Mac OS',1,'еҫ®дҝЎзҷ»еҪ•жҲҗеҠҹ','2026-03-24 17:21:01'),(80,'wx_o5E_W5GTeXzQomvf','183.95.75.68','жңӘзҹҘ','Chrome','Linux',1,'еҫ®дҝЎзҷ»еҪ•жҲҗеҠҹ','2026-03-24 17:21:26'),(81,'wx_o5E_W5GTeXzQomvf','183.95.75.68','жңӘзҹҘ','Safari','Mac OS',1,'еҫ®дҝЎзҷ»еҪ•жҲҗеҠҹ','2026-03-24 17:24:17'),(82,'wx_o5E_W5GTeXzQomvf','183.95.75.68','жңӘзҹҘ','Safari','Mac OS',1,'еҫ®дҝЎзҷ»еҪ•жҲҗеҠҹ','2026-03-24 17:30:25'),(83,'wx_o5E_W5GTeXzQomvf','183.95.75.68','жңӘзҹҘ','Safari','Mac OS',1,'еҫ®дҝЎзҷ»еҪ•жҲҗеҠҹ','2026-03-24 17:36:20'),(84,'wx_o5E_W5GTeXzQomvf','183.95.75.68','жңӘзҹҘ','Safari','Mac OS',1,'еҫ®дҝЎзҷ»еҪ•жҲҗеҠҹ','2026-03-24 17:42:25'),(85,'wx_o5E_W5GTeXzQomvf','183.95.75.68','жңӘзҹҘ','Safari','Mac OS',1,'еҫ®дҝЎзҷ»еҪ•жҲҗеҠҹ','2026-03-25 09:02:44'),(86,'wx_o5E_W5GTeXzQomvf','183.95.75.68','жңӘзҹҘ','Chrome','Linux',1,'еҫ®дҝЎзҷ»еҪ•жҲҗеҠҹ','2026-03-25 09:11:35'),(87,'wx_o5E_W5GTeXzQomvf','183.95.75.68','жңӘзҹҘ','Safari','Mac OS',1,'еҫ®дҝЎзҷ»еҪ•жҲҗеҠҹ','2026-03-25 09:14:08'),(88,'admin','183.95.75.68','жңӘзҹҘ','Chrome','Windows',1,'зҷ»еҪ•жҲҗеҠҹ','2026-03-25 09:14:50'),(89,'test','183.95.75.68','жңӘзҹҘ','Chrome','Windows',1,'зҷ»еҪ•жҲҗеҠҹ','2026-03-25 09:15:49'),(90,'admin','183.95.75.68','жңӘзҹҘ','Chrome','Windows',1,'зҷ»еҪ•жҲҗеҠҹ','2026-03-25 09:16:04'),(91,'admin','127.0.0.1','еҶ…зҪ‘IP','жңӘзҹҘ','жңӘзҹҘ',1,'зҷ»еҪ•жҲҗеҠҹ','2026-03-25 09:27:49'),(92,'admin','183.95.75.68','жңӘзҹҘ','Chrome','Windows',1,'зҷ»еҪ•жҲҗеҠҹ','2026-03-25 09:28:22'),(93,'admin','127.0.0.1','еҶ…зҪ‘IP','жңӘзҹҘ','жңӘзҹҘ',1,'зҷ»еҪ•жҲҗеҠҹ','2026-03-25 09:29:50'),(94,'wx_o5E_W5GTeXzQomvf','183.95.75.68','жңӘзҹҘ','Chrome','Linux',1,'еҫ®дҝЎзҷ»еҪ•жҲҗеҠҹ','2026-03-25 09:37:01'),(95,'wx_o5E_W5IG1oulS63e','182.126.222.177','жңӘзҹҘ','жңӘзҹҘ','Mac OS',1,'еҫ®дҝЎзҷ»еҪ•жҲҗеҠҹ','2026-03-25 09:41:31'),(96,'wx_o5E_W5M7nMvaRHVF','183.95.75.68','жңӘзҹҘ','Chrome','Linux',1,'еҫ®дҝЎзҷ»еҪ•жҲҗеҠҹ','2026-03-25 09:42:18'),(97,'admin','183.95.75.68','жңӘзҹҘ','Chrome','Windows',1,'зҷ»еҪ•жҲҗеҠҹ','2026-03-25 09:48:59'),(98,'wx_o5E_W5GTeXzQomvf','183.95.75.68','жңӘзҹҘ','Safari','Mac OS',1,'еҫ®дҝЎзҷ»еҪ•жҲҗеҠҹ','2026-03-25 10:09:58'),(99,'wx_o5E_W5GTeXzQomvf','183.95.75.68','жңӘзҹҘ','Chrome','Linux',1,'еҫ®дҝЎзҷ»еҪ•жҲҗеҠҹ','2026-03-25 10:59:39'),(100,'wx_o5E_W5GTeXzQomvf','183.95.75.68','жңӘзҹҘ','Safari','Mac OS',1,'еҫ®дҝЎзҷ»еҪ•жҲҗеҠҹ','2026-03-25 11:01:35'),(101,'wx_o5E_W5GTeXzQomvf','183.95.75.68','жңӘзҹҘ','Chrome','Linux',1,'еҫ®дҝЎзҷ»еҪ•жҲҗеҠҹ','2026-03-25 13:46:54'),(102,'wx_o5E_W5GTeXzQomvf','111.60.0.86','жңӘзҹҘ','Chrome','Linux',1,'еҫ®дҝЎзҷ»еҪ•жҲҗеҠҹ','2026-03-25 20:24:56'),(103,'wx_o5E_W5M7nMvaRHVF','111.60.0.86','жңӘзҹҘ','Chrome','Linux',1,'еҫ®дҝЎзҷ»еҪ•жҲҗеҠҹ','2026-03-26 00:03:53'),(104,'wx_o5E_W5GTeXzQomvf','183.95.75.68','жңӘзҹҘ','Chrome','Linux',1,'еҫ®дҝЎзҷ»еҪ•жҲҗеҠҹ','2026-03-26 09:55:27'),(105,'admin','183.95.75.68','жңӘзҹҘ','Chrome','Windows',1,'зҷ»еҪ•жҲҗеҠҹ','2026-03-26 11:51:07'),(106,'wx_o5E_W5GTeXzQomvf','223.104.122.59','жңӘзҹҘ','Chrome','Linux',1,'еҫ®дҝЎзҷ»еҪ•жҲҗеҠҹ','2026-03-26 17:25:16'),(107,'wx_o5E_W5GTeXzQomvf','111.60.0.86','жңӘзҹҘ','Chrome','Linux',1,'еҫ®дҝЎзҷ»еҪ•жҲҗеҠҹ','2026-03-26 22:45:34'),(108,'wx_o5E_W5GTeXzQomvf','223.104.122.51','жңӘзҹҘ','Chrome','Linux',1,'еҫ®дҝЎзҷ»еҪ•жҲҗеҠҹ','2026-03-27 15:36:39');
/*!40000 ALTER TABLE `sys_log_login` ENABLE KEYS */;
UNLOCK TABLES;

--
-- Table structure for table `sys_notice`
--

DROP TABLE IF EXISTS `sys_notice`;
/*!40101 SET @saved_cs_client     = @@character_set_client */;
/*!50503 SET character_set_client = utf8mb4 */;
CREATE TABLE `sys_notice` (
  `id` bigint NOT NULL AUTO_INCREMENT COMMENT 'дё»й”®ID',
  `title` varchar(200) CHARACTER SET utf8mb4 COLLATE utf8mb4_0900_ai_ci NOT NULL COMMENT 'ж Үйўҳ',
  `content` text CHARACTER SET utf8mb4 COLLATE utf8mb4_0900_ai_ci NOT NULL COMMENT 'еҶ…е®№',
  `type` tinyint(1) DEFAULT '1' COMMENT 'зұ»еһӢпјҲ1пјҡйҖҡзҹҘпјҢ2пјҡе…¬е‘Ҡпјү',
  `level` tinyint(1) DEFAULT '1' COMMENT 'зә§еҲ«пјҲ1пјҡжҷ®йҖҡпјҢ2пјҡйҮҚиҰҒпјҢ3пјҡзҙ§жҖҘпјү',
  `status` tinyint(1) DEFAULT '0' COMMENT 'зҠ¶жҖҒпјҲ0пјҡиҚүзЁҝпјҢ1пјҡе·ІеҸ‘еёғпјү',
  `remark` varchar(500) CHARACTER SET utf8mb4 COLLATE utf8mb4_0900_ai_ci DEFAULT NULL COMMENT 'еӨҮжіЁ',
  `publish_time` datetime DEFAULT NULL COMMENT 'еҸ‘еёғж—¶й—ҙ',
  `create_time` datetime DEFAULT CURRENT_TIMESTAMP COMMENT 'еҲӣе»әж—¶й—ҙ',
  `create_by` varchar(50) CHARACTER SET utf8mb4 COLLATE utf8mb4_0900_ai_ci DEFAULT NULL COMMENT 'еҲӣе»әдәә',
  `update_time` datetime DEFAULT CURRENT_TIMESTAMP ON UPDATE CURRENT_TIMESTAMP COMMENT 'жӣҙж–°ж—¶й—ҙ',
  `update_by` varchar(50) CHARACTER SET utf8mb4 COLLATE utf8mb4_0900_ai_ci DEFAULT NULL COMMENT 'жӣҙж–°дәә',
  `deleted` tinyint(1) DEFAULT '0' COMMENT 'еҲ йҷӨж Үеҝ—пјҲ0пјҡжңӘеҲ йҷӨпјҢ1пјҡе·ІеҲ йҷӨпјү',
  PRIMARY KEY (`id`) USING BTREE,
  KEY `idx_type` (`type`) USING BTREE,
  KEY `idx_status` (`status`) USING BTREE,
  KEY `idx_create_time` (`create_time`) USING BTREE
) ENGINE=InnoDB AUTO_INCREMENT=3 DEFAULT CHARSET=utf8mb4 COLLATE=utf8mb4_0900_ai_ci ROW_FORMAT=DYNAMIC COMMENT='йҖҡзҹҘе…¬е‘ҠиЎЁ';
/*!40101 SET character_set_client = @saved_cs_client */;

--
-- Dumping data for table `sys_notice`
--

LOCK TABLES `sys_notice` WRITE;
/*!40000 ALTER TABLE `sys_notice` DISABLE KEYS */;
/*!40000 ALTER TABLE `sys_notice` ENABLE KEYS */;
UNLOCK TABLES;

--
-- Table structure for table `sys_role`
--

DROP TABLE IF EXISTS `sys_role`;
/*!40101 SET @saved_cs_client     = @@character_set_client */;
/*!50503 SET character_set_client = utf8mb4 */;
CREATE TABLE `sys_role` (
  `id` bigint NOT NULL AUTO_INCREMENT COMMENT 'дё»й”®ID',
  `role_name` varchar(50) CHARACTER SET utf8mb4 COLLATE utf8mb4_0900_ai_ci NOT NULL COMMENT 'и§’иүІеҗҚз§°',
  `role_code` varchar(50) CHARACTER SET utf8mb4 COLLATE utf8mb4_0900_ai_ci NOT NULL COMMENT 'и§’иүІзј–з Ғ',
  `description` varchar(255) CHARACTER SET utf8mb4 COLLATE utf8mb4_0900_ai_ci DEFAULT NULL COMMENT 'и§’иүІжҸҸиҝ°',
  `data_scope` tinyint(1) DEFAULT '1' COMMENT 'ж•°жҚ®жқғйҷҗиҢғеӣҙпјҲ1пјҡе…ЁйғЁпјҢ2пјҡжң¬йғЁй—ЁеҸҠд»ҘдёӢпјҢ3пјҡжң¬йғЁй—ЁпјҢ4пјҡд»…жң¬дәәпјҢ5пјҡиҮӘе®ҡд№үпјү',
  `status` tinyint(1) DEFAULT '1' COMMENT 'зҠ¶жҖҒпјҲ0пјҡзҰҒз”ЁпјҢ1пјҡеҗҜз”Ёпјү',
  `sort` int DEFAULT '0' COMMENT 'жҺ’еәҸ',
  `remark` varchar(500) CHARACTER SET utf8mb4 COLLATE utf8mb4_0900_ai_ci DEFAULT NULL COMMENT 'еӨҮжіЁ',
  `create_time` datetime DEFAULT CURRENT_TIMESTAMP COMMENT 'еҲӣе»әж—¶й—ҙ',
  `create_by` varchar(50) CHARACTER SET utf8mb4 COLLATE utf8mb4_0900_ai_ci DEFAULT NULL COMMENT 'еҲӣе»әдәә',
  `update_time` datetime DEFAULT CURRENT_TIMESTAMP ON UPDATE CURRENT_TIMESTAMP COMMENT 'жӣҙж–°ж—¶й—ҙ',
  `update_by` varchar(50) CHARACTER SET utf8mb4 COLLATE utf8mb4_0900_ai_ci DEFAULT NULL COMMENT 'жӣҙж–°дәә',
  `deleted` tinyint(1) DEFAULT '0' COMMENT 'еҲ йҷӨж Үеҝ—пјҲ0пјҡжңӘеҲ йҷӨпјҢ1пјҡе·ІеҲ йҷӨпјү',
  PRIMARY KEY (`id`) USING BTREE,
  UNIQUE KEY `uk_role_code` (`role_code`) USING BTREE,
  KEY `idx_status` (`status`) USING BTREE
) ENGINE=InnoDB AUTO_INCREMENT=5 DEFAULT CHARSET=utf8mb4 COLLATE=utf8mb4_0900_ai_ci ROW_FORMAT=DYNAMIC COMMENT='и§’иүІиЎЁ';
/*!40101 SET character_set_client = @saved_cs_client */;

--
-- Dumping data for table `sys_role`
--

LOCK TABLES `sys_role` WRITE;
/*!40000 ALTER TABLE `sys_role` DISABLE KEYS */;
INSERT INTO `sys_role` VALUES (1,'и¶…зә§з®ЎзҗҶе‘ҳ','SUPER_ADMIN','жӢҘжңүзі»з»ҹжүҖжңүжқғйҷҗ',1,1,0,NULL,'2026-01-14 14:59:02','system','2026-01-14 14:59:02',NULL,0),(2,'зі»з»ҹз®ЎзҗҶе‘ҳ','ADMIN','жӢҘжңүзі»з»ҹз®ЎзҗҶжқғйҷҗ',2,1,1,NULL,'2026-01-14 14:59:02','system','2026-01-14 14:59:02',NULL,0),(3,'жҷ®йҖҡз”ЁжҲ·','USER','жҷ®йҖҡз”ЁжҲ·жқғйҷҗ',4,1,2,NULL,'2026-01-14 14:59:02','system','2026-01-14 14:59:02',NULL,0),(4,'е°ҸзЁӢеәҸз”ЁжҲ·','MINI_SERVICE',NULL,2,1,4,'е°ҸзЁӢеәҸз”ЁжҲ·и§’иүІ\n','2026-03-24 15:12:07','system','2026-03-24 15:12:07','system',0);
/*!40000 ALTER TABLE `sys_role` ENABLE KEYS */;
UNLOCK TABLES;

--
-- Table structure for table `sys_user`
--

DROP TABLE IF EXISTS `sys_user`;
/*!40101 SET @saved_cs_client     = @@character_set_client */;
/*!50503 SET character_set_client = utf8mb4 */;
CREATE TABLE `sys_user` (
  `id` bigint NOT NULL AUTO_INCREMENT COMMENT 'дё»й”®ID',
  `username` varchar(50) CHARACTER SET utf8mb4 COLLATE utf8mb4_0900_ai_ci NOT NULL COMMENT 'з”ЁжҲ·еҗҚ',
  `password` varchar(100) CHARACTER SET utf8mb4 COLLATE utf8mb4_0900_ai_ci NOT NULL COMMENT 'еҜҶз Ғ',
  `nickname` varchar(50) CHARACTER SET utf8mb4 COLLATE utf8mb4_0900_ai_ci DEFAULT NULL COMMENT 'жҳөз§°',
  `email` varchar(100) CHARACTER SET utf8mb4 COLLATE utf8mb4_0900_ai_ci DEFAULT NULL COMMENT 'йӮ®з®ұ',
  `phone` varchar(20) CHARACTER SET utf8mb4 COLLATE utf8mb4_0900_ai_ci DEFAULT NULL COMMENT 'жүӢжңәеҸ·',
  `avatar` varchar(255) CHARACTER SET utf8mb4 COLLATE utf8mb4_0900_ai_ci DEFAULT NULL COMMENT 'еӨҙеғҸ',
  `gender` tinyint(1) DEFAULT '0' COMMENT 'жҖ§еҲ«пјҲ0пјҡжңӘзҹҘпјҢ1пјҡз”·пјҢ2пјҡеҘіпјү',
  `dept_id` bigint DEFAULT NULL COMMENT 'йғЁй—ЁID',
  `status` tinyint(1) DEFAULT '1' COMMENT 'зҠ¶жҖҒпјҲ0пјҡзҰҒз”ЁпјҢ1пјҡеҗҜз”Ёпјү',
  `remark` varchar(500) CHARACTER SET utf8mb4 COLLATE utf8mb4_0900_ai_ci DEFAULT NULL COMMENT 'еӨҮжіЁ',
  `create_time` datetime DEFAULT CURRENT_TIMESTAMP COMMENT 'еҲӣе»әж—¶й—ҙ',
  `create_by` varchar(50) CHARACTER SET utf8mb4 COLLATE utf8mb4_0900_ai_ci DEFAULT NULL COMMENT 'еҲӣе»әдәә',
  `update_time` datetime DEFAULT CURRENT_TIMESTAMP ON UPDATE CURRENT_TIMESTAMP COMMENT 'жӣҙж–°ж—¶й—ҙ',
  `update_by` varchar(50) CHARACTER SET utf8mb4 COLLATE utf8mb4_0900_ai_ci DEFAULT NULL COMMENT 'жӣҙж–°дәә',
  `deleted` tinyint(1) DEFAULT '0' COMMENT 'еҲ йҷӨж Үеҝ—пјҲ0пјҡжңӘеҲ йҷӨпјҢ1пјҡе·ІеҲ йҷӨпјү',
  PRIMARY KEY (`id`) USING BTREE,
  UNIQUE KEY `uk_username` (`username`) USING BTREE,
  KEY `idx_dept_id` (`dept_id`) USING BTREE,
  KEY `idx_status` (`status`) USING BTREE
) ENGINE=InnoDB AUTO_INCREMENT=6 DEFAULT CHARSET=utf8mb4 COLLATE=utf8mb4_0900_ai_ci ROW_FORMAT=DYNAMIC COMMENT='з”ЁжҲ·иЎЁ';
/*!40101 SET character_set_client = @saved_cs_client */;

--
-- Dumping data for table `sys_user`
--

LOCK TABLES `sys_user` WRITE;
/*!40000 ALTER TABLE `sys_user` DISABLE KEYS */;
INSERT INTO `sys_user` VALUES (1,'admin','$2a$10$dptAyYkp3nrMNff2X7fT1uZSVS6I7KxdCyEI0MhD/9yWfe57togM.','и¶…зә§з®ЎзҗҶе‘ҳ','admin@example.com','13800138000',NULL,1,1,1,NULL,'2026-01-14 14:59:03','system','2026-01-22 13:37:00',NULL,0),(2,'test','$2a$10$dptAyYkp3nrMNff2X7fT1uZSVS6I7KxdCyEI0MhD/9yWfe57togM.','жөӢиҜ•з”ЁжҲ·','test@example.com','13800138001',NULL,1,5,1,NULL,'2026-01-14 14:59:03','system','2026-01-22 13:37:00',NULL,0),(3,'wx_o5E_W5GTeXzQomvf','$2a$10$sK9Z0GULGB53BAX1R.eKCeVXvArKpeeKL482qvSbx1zf6lvRFTbpm','еҫ®дҝЎз”ЁжҲ·',NULL,NULL,NULL,0,NULL,1,NULL,'2026-03-24 14:22:14','system','2026-03-24 14:22:14','system',0),(4,'wx_o5E_W5IG1oulS63e','$2a$10$mLW.QM7Gtq6fP0kHmp/IXepYns8E2ucpGoumKrNhyrPE5K.qQthsK','еҫ®дҝЎз”ЁжҲ·',NULL,NULL,NULL,0,NULL,1,NULL,'2026-03-25 09:41:31','system','2026-03-25 09:41:31','system',0),(5,'wx_o5E_W5M7nMvaRHVF','$2a$10$uBNGgMhf8ale96CoWcdIY.SNDHotgsgAP1ZE4cI0PogapuQ49JFcq','еҫ®дҝЎз”ЁжҲ·',NULL,NULL,NULL,0,NULL,1,NULL,'2026-03-25 09:42:18','system','2026-03-25 09:42:18','system',0);
/*!40000 ALTER TABLE `sys_user` ENABLE KEYS */;
UNLOCK TABLES;

--
-- Table structure for table `sys_user_oauth`
--

DROP TABLE IF EXISTS `sys_user_oauth`;
/*!40101 SET @saved_cs_client     = @@character_set_client */;
/*!50503 SET character_set_client = utf8mb4 */;
CREATE TABLE `sys_user_oauth` (
  `id` bigint NOT NULL AUTO_INCREMENT COMMENT 'дё»й”®ID',
  `user_id` bigint NOT NULL COMMENT 'зі»з»ҹз”ЁжҲ·ID',
  `oauth_type` varchar(20) NOT NULL COMMENT 'з¬¬дёүж–№е№іеҸ°зұ»еһӢпјҲgithub/wechat/giteeпјү',
  `oauth_id` varchar(100) NOT NULL COMMENT 'з¬¬дёүж–№е№іеҸ°з”ЁжҲ·е”ҜдёҖж ҮиҜҶ',
  `oauth_name` varchar(100) DEFAULT NULL COMMENT 'з¬¬дёүж–№е№іеҸ°з”ЁжҲ·еҗҚ',
  `oauth_avatar` varchar(500) DEFAULT NULL COMMENT 'з¬¬дёүж–№е№іеҸ°еӨҙеғҸ',
  `oauth_email` varchar(200) DEFAULT NULL COMMENT 'з¬¬дёүж–№е№іеҸ°йӮ®з®ұ',
  `access_token` varchar(500) DEFAULT NULL COMMENT 'access_token',
  `create_time` datetime DEFAULT CURRENT_TIMESTAMP COMMENT 'з»‘е®ҡж—¶й—ҙ',
  `update_time` datetime DEFAULT CURRENT_TIMESTAMP ON UPDATE CURRENT_TIMESTAMP COMMENT 'жӣҙж–°ж—¶й—ҙ',
  PRIMARY KEY (`id`),
  UNIQUE KEY `uk_oauth` (`oauth_type`,`oauth_id`),
  KEY `idx_user_id` (`user_id`)
) ENGINE=InnoDB AUTO_INCREMENT=9 DEFAULT CHARSET=utf8mb4 COLLATE=utf8mb4_0900_ai_ci COMMENT='з”ЁжҲ·з¬¬дёүж–№зҷ»еҪ•з»‘е®ҡиЎЁ';
/*!40101 SET character_set_client = @saved_cs_client */;

--
-- Dumping data for table `sys_user_oauth`
--

LOCK TABLES `sys_user_oauth` WRITE;
/*!40000 ALTER TABLE `sys_user_oauth` DISABLE KEYS */;
INSERT INTO `sys_user_oauth` VALUES (2,1,'','','',NULL,NULL,NULL,'2026-02-11 15:47:52','2026-02-27 15:57:17'),(4,2,'feishu','ou_a4eb7aa95a1f4a3df0f9632377c4379e','еҲҳж„Ҹеҝө',NULL,NULL,NULL,'2026-02-27 15:57:35','2026-02-27 15:57:35'),(5,3,'wechat','o5E_W5GTeXzQomvfr6eHipE0bFnM',NULL,NULL,NULL,NULL,'2026-03-23 18:37:55','2026-03-23 18:37:54'),(7,4,'wechat','o5E_W5IG1oulS63esmgXNLSCzzgM',NULL,NULL,NULL,NULL,'2026-03-25 09:41:31','2026-03-25 09:41:30'),(8,5,'wechat','o5E_W5M7nMvaRHVFmee_zClFFMfY',NULL,NULL,NULL,NULL,'2026-03-25 09:42:18','2026-03-25 09:42:18');
/*!40000 ALTER TABLE `sys_user_oauth` ENABLE KEYS */;
UNLOCK TABLES;

--
-- Table structure for table `sys_user_role`
--

DROP TABLE IF EXISTS `sys_user_role`;
/*!40101 SET @saved_cs_client     = @@character_set_client */;
/*!50503 SET character_set_client = utf8mb4 */;
CREATE TABLE `sys_user_role` (
  `id` bigint NOT NULL AUTO_INCREMENT COMMENT 'дё»й”®ID',
  `user_id` bigint NOT NULL COMMENT 'з”ЁжҲ·ID',
  `role_id` bigint NOT NULL COMMENT 'и§’иүІID',
  `create_time` datetime DEFAULT CURRENT_TIMESTAMP COMMENT 'еҲӣе»әж—¶й—ҙ',
  PRIMARY KEY (`id`) USING BTREE,
  UNIQUE KEY `uk_user_role` (`user_id`,`role_id`) USING BTREE,
  KEY `idx_user_id` (`user_id`) USING BTREE,
  KEY `idx_role_id` (`role_id`) USING BTREE
) ENGINE=InnoDB AUTO_INCREMENT=6 DEFAULT CHARSET=utf8mb4 COLLATE=utf8mb4_0900_ai_ci ROW_FORMAT=DYNAMIC COMMENT='з”ЁжҲ·и§’иүІе…іиҒ”иЎЁ';
/*!40101 SET character_set_client = @saved_cs_client */;

--
-- Dumping data for table `sys_user_role`
--

LOCK TABLES `sys_user_role` WRITE;
/*!40000 ALTER TABLE `sys_user_role` DISABLE KEYS */;
INSERT INTO `sys_user_role` VALUES (1,1,1,'2026-01-14 14:59:03'),(2,2,3,'2026-01-14 14:59:03'),(3,3,2,'2026-03-24 14:22:13'),(4,4,4,'2026-03-25 09:41:30'),(5,5,4,'2026-03-25 09:42:18');
/*!40000 ALTER TABLE `sys_user_role` ENABLE KEYS */;
UNLOCK TABLES;

--
-- Table structure for table `sys_role_department`
--

DROP TABLE IF EXISTS `sys_role_department`;
/*!40101 SET @saved_cs_client     = @@character_set_client */;
/*!50503 SET character_set_client = utf8mb4 */;
CREATE TABLE `sys_role_department` (
  `id` bigint NOT NULL AUTO_INCREMENT COMMENT 'дё»й”®ID',
  `role_id` bigint NOT NULL COMMENT 'и§’иүІID',
  `department_id` bigint NOT NULL COMMENT 'йғЁй—ЁID',
  PRIMARY KEY (`id`) USING BTREE,
  UNIQUE KEY `uk_role_dept` (`role_id`,`department_id`) USING BTREE
) ENGINE=InnoDB DEFAULT CHARSET=utf8mb4 COLLATE=utf8mb4_0900_ai_ci ROW_FORMAT=DYNAMIC COMMENT='и§’иүІйғЁй—Ёе…іиҒ”иЎЁ';
/*!40101 SET character_set_client = @saved_cs_client */;

--
-- Dumping data for table `sys_role_department`
--

LOCK TABLES `sys_role_department` WRITE;
/*!40000 ALTER TABLE `sys_role_department` DISABLE KEYS */;
/*!40000 ALTER TABLE `sys_role_department` ENABLE KEYS */;
UNLOCK TABLES;
/*!40103 SET TIME_ZONE=@OLD_TIME_ZONE */;

/*!40101 SET SQL_MODE=@OLD_SQL_MODE */;
/*!40014 SET FOREIGN_KEY_CHECKS=@OLD_FOREIGN_KEY_CHECKS */;
/*!40014 SET UNIQUE_CHECKS=@OLD_UNIQUE_CHECKS */;
/*!40101 SET CHARACTER_SET_CLIENT=@OLD_CHARACTER_SET_CLIENT */;
/*!40101 SET CHARACTER_SET_RESULTS=@OLD_CHARACTER_SET_RESULTS */;
/*!40101 SET COLLATION_CONNECTION=@OLD_COLLATION_CONNECTION */;
/*!40111 SET SQL_NOTES=@OLD_SQL_NOTES */;

-- Dump completed on 2026-03-27 19:12:36
